Player Name,Team,Position,GP,PTS,AST,TRB,Salary_M,Points_per_Million,Value_Score,PER
Stephen Curry,GSW,PG,56,29.4,6.3,6.1,48.070014,0.6116078934364363,0.8695649641375182,24.1
John Wall,LAC,PG,34,11.4,5.2,2.7,47.34576,0.24078185670691526,0.4076394591617074,13.6
Russell Westbrook,LAL/LAC,PG,73,15.9,7.5,5.8,47.080179,0.3377217406076557,0.6202185424995941,16.1
LeBron James,LAL,PF,55,28.9,6.8,8.3,44.474988,0.6498034355849629,0.9893201095411199,23.9
Kevin Durant,BRK/PHO,PF,47,29.1,5.0,6.7,44.119845,0.659567140365067,0.9247539287592693,25.9
Bradley Beal,WAS,SG,50,23.2,5.4,3.9,43.27925,0.5360536515766794,0.7509372274242276,19.7
Kawhi Leonard,LAC,SF,52,23.8,3.9,6.5,42.492492,0.5600989464209348,0.8048480658653769,23.9
Paul George,LAC,SF,56,23.8,5.1,6.1,42.492492,0.5600989464209348,0.823674921207257,19.6
Giannis Antetokounmpo,MIL,PF,63,31.1,5.7,11.8,42.492492,0.7318940014155914,1.14373146201922,29.0
Damian Lillard,POR,PG,58,32.2,7.3,4.8,42.492492,0.7577809275106766,1.0425371145566138,26.7
Klay Thompson,GSW,SF,69,21.9,2.4,4.1,40.60008,0.5394078041225534,0.6995060108255944,14.7
Kyrie Irving,BRK/DAL,PG-SG,60,27.1,5.5,5.1,38.917057,0.6963527586374273,0.9687269003922883,22.4
Rudy Gobert,MIN,C,70,13.4,1.2,11.6,38.172414,0.351038841819121,0.6863595265418634,18.9
Khris Middleton,MIL,SF,33,15.1,4.9,4.2,37.984276,0.39753291598871066,0.6371057329090595,17.4
Anthony Davis,LAL,C,56,25.9,2.6,12.5,37.98072,0.681924934545738,1.0794950701303188,27.8
Jimmy Butler,MIA,PF,64,22.9,5.3,5.9,37.6533,0.6081804250889031,0.9056311133419913,27.6
Tobias Harris,PHI,SF,74,14.7,2.5,5.7,37.63305,0.3906141011690522,0.6085076814130133,14.8
Trae Young,ATL,PG,73,26.2,10.2,3.0,37.0965,0.7062660897928376,1.0620948067877023,22.0
Zach LaVine,CHI,SG,77,24.8,4.2,4.5,37.0965,0.6685266804145944,0.9030501529793916,19.0
Ben Simmons,BRK,PG,42,6.9,6.1,6.3,35.448672,0.19464763024126827,0.5444491686458663,13.4
Pascal Siakam,TOR,PF,71,24.2,5.8,7.8,35.448672,0.682677195918651,1.0663304961043392,20.3
Myles Turner,IND,C,62,18.0,1.4,7.5,35.0965,0.5128716538686194,0.7664581938369923,20.0
Jrue Holiday,MIL,PG,67,19.3,7.4,5.1,34.31952,0.562362177559593,0.9265863858235781,19.2
Karl-Anthony Towns,MIN,PF,29,20.8,4.8,8.1,33.8334,0.6147771137396775,0.9960571506263043,18.8
Devin Booker,PHO,SG,53,27.8,5.5,4.5,33.8334,0.8216732577866842,1.1172391778538366,22.0
Andrew Wiggins,GSW,SF,37,17.1,2.3,5.0,33.61677,0.5086746882582711,0.7258282101463049,14.7
Joel Embiid,PHI,C,66,33.1,4.2,10.2,33.61677,0.9846276129443726,1.412985245161864,31.4
CJ McCollum,NOP,SG,75,20.9,5.7,4.4,33.333333,0.62700000627,0.9300000093,15.6
James Harden,PHI,PG,58,21.0,10.7,6.1,33.0,0.6363636363636364,1.1454545454545453,21.6
Jamal Murray,DEN,PG,65,20.0,6.2,4.0,31.6506,0.6318995532470159,0.9541683254029939,18.0
Brandon Ingram,NOP,SF,45,24.7,5.8,5.5,31.6506,0.7803959482600645,1.1374191958446285,19.2
D'Angelo Russell,LAL/MIN,PG,71,17.8,6.2,3.0,31.37775,0.5672809554541036,0.860482348160719,16.3
Donovan Mitchell,CLE,SG,68,28.3,4.4,4.3,30.91375,0.9154502446322429,1.1968784117099995,22.9
Shai Gilgeous-Alexander,OKC,PG,68,31.4,5.5,4.8,30.91375,1.015729246694432,1.3489143180623508,27.2
Deandre Ayton,PHO,C,67,18.0,1.7,10.0,30.91375,0.5822651732643241,0.9607375358861348,19.9
Kevin Love,CLE/MIA,PF,62,8.2,1.9,6.4,30.556968,0.2683512317059729,0.5399750394083601,13.1
Jayson Tatum,BOS,SF,74,30.1,4.6,8.8,30.35178,0.9917046051335374,1.4331943629006272,23.7
Bam Adebayo,MIA,C,75,20.4,3.2,9.2,30.35178,0.6721187357051217,1.0806614966239212,20.1
De'Aaron Fox,SAC,PG,73,25.0,6.1,4.2,30.35178,0.823674921207257,1.163028988744647,21.8
Gordon Hayward,CHO,SF,50,14.7,4.1,4.3,30.075,0.48877805486284287,0.768079800498753,13.5
Jaylen Brown,BOS,SF,67,26.6,3.5,6.9,29.776785,0.8933133647571422,1.242578740451664,19.1
Chris Paul,PHO,PG,59,13.9,8.9,4.3,28.4,0.4894366197183099,0.9542253521126761,17.7
Kyle Lowry,MIA,PG,55,11.2,5.1,4.1,28.333334,0.39529410834602097,0.7199999830588238,12.6
Jalen Brunson,NYK,PG,68,24.0,6.2,3.5,27.733332,0.865384656989647,1.2151442891896294,21.2
DeMar DeRozan,CHI,SF,74,24.5,5.1,4.6,27.3,0.8974358974358975,1.2527472527472527,20.6
Al Horford,BOS,C,63,9.8,3.0,6.2,26.5,0.369811320754717,0.7169811320754716,13.8
Draymond Green,GSW,PF,73,8.5,6.8,7.2,25.806468,0.3293747908470078,0.8718744463597266,12.2
Julius Randle,NYK,PF,77,25.1,4.1,10.0,23.76,1.0563973063973064,1.6498316498316499,20.3
John Collins,ATL,PF,71,13.1,1.2,6.5,23.5,0.5574468085106383,0.8851063829787232,13.6
Mike Conley,MIN/UTA,PG,67,11.9,6.7,2.7,22.68,0.5246913580246914,0.9391534391534392,14.7
Malcolm Brogdon,BOS,PG,67,14.9,3.7,4.2,22.6,0.6592920353982301,1.008849557522124,18.2
Anfernee Simons,POR,SG,62,21.1,4.1,2.6,22.321429,0.9452799818506245,1.2454399760875527,14.8
Terry Rozier,CHO,SG,63,21.1,5.1,4.1,21.486316,0.9820203705465378,1.410199868604744,14.7
Fred VanVleet,TOR,PG,69,19.3,7.2,4.1,21.25,0.9082352941176471,1.4400000000000002,17.0
Buddy Hield,IND,SF,80,16.8,2.8,5.0,21.17775,0.7932854056734073,1.161596486878918,15.4
Domantas Sabonis,SAC,C,79,19.1,7.3,12.3,21.1,0.9052132701421801,1.8341232227488151,23.5
Jerami Grant,POR,PF,63,20.5,2.4,4.5,20.955,0.9782868050584587,1.3075638272488666,16.0
Aaron Gordon,DEN,PF,68,16.3,3.0,6.6,20.690909,0.7877855922134692,1.2517574747441012,19.5
Mikal Bridges,BRK/PHO,SF-SG,83,20.1,3.3,4.4,20.1,1.0,1.383084577114428,16.8
Jarrett Allen,CLE,C,68,14.3,1.7,9.8,20.0,0.7150000000000001,1.29,19.9
Nicolas Batum,LAC,PF,78,6.1,1.6,3.8,19.700319,0.3096396560888176,0.5837468926264595,11.0
Eric Gordon,HOU/LAC,SG,69,12.4,2.7,1.9,19.56836,0.6336759953312389,0.8687493484379888,11.8
Spencer Dinwiddie,BRK/DAL,SG-PG,79,17.3,6.5,3.4,19.5,0.8871794871794872,1.3948717948717948,16.0
Caris LeVert,CLE,SG,74,12.1,3.9,3.8,18.796296,0.6437438525122183,1.05339903138363,12.4
Joe Harris,BRK,SF,74,7.6,1.4,2.2,18.642857,0.4076628383728953,0.6007662881284773,10.6
Harrison Barnes,SAC,PF,82,15.0,1.6,4.5,18.352273,0.8173374491541184,1.14972134514346,14.1
Clint Capela,ATL,C,65,12.0,0.9,11.0,18.206896,0.6590909290633614,1.3126894337178616,22.1
Evan Fournier,NYK,SG,27,6.1,1.3,1.8,18.0,0.33888888888888885,0.5111111111111111,6.9
Steven Adams,MEM,C,42,8.6,2.3,11.5,17.926829,0.4797278983360637,1.2495238282241659,17.5
OG Anunoby,TOR,SF,67,16.8,2.0,5.0,17.357143,0.967901226601636,1.3711934043523177,14.6
Marcus Smart,BOS,PG,61,11.5,6.3,3.1,17.207142,0.6683271399747849,1.2146119326498266,12.1
Derrick White,BOS,SG,82,12.4,3.9,3.6,17.142857,0.7233333393611112,1.1608333430069446,15.4
Dejounte Murray,ATL,SG,74,20.5,6.1,5.3,17.07112,1.2008585259783775,1.8686530233517191,17.0
Mitchell Robinson,NYK,C,59,7.4,0.9,9.4,17.045454,0.4341333472256005,1.0384000332288013,18.9
Duncan Robinson,MIA,SF,42,6.4,1.1,1.6,16.902,0.37865341379718376,0.5383978227428706,7.8
Norman Powell,LAC,SG,60,17.0,1.8,2.9,16.758621,1.0144032733958241,1.2948559430993754,17.1
Collin Sexton,UTA,PG,48,14.3,2.9,2.2,16.7,0.8562874251497007,1.1616766467065869,15.9
Markelle Fultz,ORL,PG,60,14.0,5.7,3.9,16.5,0.8484848484848485,1.4303030303030302,16.6
Lauri Markkanen,UTA,PF,66,25.6,1.9,8.6,16.475454,1.5538266805879828,2.1911384050478975,22.1
Marcus Morris,LAC,PF,65,11.2,1.8,4.0,16.372093,0.6840909100626291,1.0383522742022049,10.5
Malik Beasley,LAL/UTA,SG,81,12.7,1.5,3.5,15.558035,0.8162984592848647,1.1376758054600082,10.9
Luguentz Dort,OKC,SF,74,13.7,2.1,4.6,15.277778,0.8967272596839672,1.3352727078505788,11.3
Will Barton,WAS/TOR,SG,56,6.8,2.0,2.4,15.059712,0.45153585938429636,0.7437061213388411,10.0
Tyus Jones,MEM,PG,80,10.3,5.2,2.5,15.0,0.6866666666666668,1.2,16.0
Derrick Rose,NYK,PG,27,5.6,1.7,1.5,14.52073,0.3856555421111748,0.6060301376032748,10.1
Kevin Huerter,SAC,SG,75,15.2,2.9,3.3,14.508929,1.047630738285369,1.4749538025859799,15.2
Christian Wood,DAL,C,67,16.6,1.8,7.3,14.317459,1.159423610013481,1.795011251647377,20.6
Kentavious Caldwell-Pope,DEN,SG,76,10.8,2.4,2.7,14.004703,0.7711695135555535,1.1353328949567871,11.5
Brook Lopez,MIL,C,78,15.9,1.3,6.7,13.906976,1.1433110979698247,1.718561964872881,18.4
Patrick Beverley,LAL/CHI,SG-PG,67,6.2,2.9,3.7,13.801614,0.44922282278000236,0.9274277631587147,8.9
Doug McDermott,SAS,SF,64,10.2,1.4,2.2,13.75,0.7418181818181818,1.0036363636363637,11.2
Luke Kennard,LAC/MEM,SG,59,9.3,1.5,2.7,13.745455,0.6765872792133837,0.9821428246645891,13.0
Zion Williamson,NOP,PF,29,26.0,4.6,7.0,13.534817,1.9209716688448761,2.77802056725259,25.2
Jordan Clarkson,UTA,SG,61,20.8,4.4,4.0,13.34,1.5592203898050976,2.188905547226387,14.7
Gary Harris,ORL,SG,48,8.3,1.2,2.0,13.0,0.6384615384615385,0.8846153846153846,10.5
Kyle Kuzma,WAS,PF,64,21.2,3.7,7.2,13.0,1.6307692307692307,2.4692307692307693,14.3
Josh Hart,NYK/POR,SF,76,9.8,3.8,7.8,12.96,0.7561728395061729,1.6512345679012346,14.1
Dorian Finney-Smith,BRK/DAL,PF,66,8.3,1.5,4.8,12.939848,0.6414294820155539,1.1282976430635046,9.2
Kelly Olynyk,UTA,C,68,12.5,3.7,6.2,12.804878,0.9761904799092971,1.7493333399974602,14.4
Chris Boucher,TOR,PF,76,9.4,0.4,5.5,12.69,0.7407407407407408,1.2056737588652484,18.0
Robert Covington,LAC,PF,48,6.0,1.2,3.5,12.307692,0.48750001218750033,0.8693750217343755,14.2
Josh Richardson,NOP/SAS,SG,65,10.1,2.7,2.7,12.196094,0.8281339910958376,1.2708986992064837,12.3
Ja Morant,MEM,PG,61,26.2,8.1,5.9,12.11944,2.1618160575076075,3.316984943198695,23.3
Terrence Ross,ORL/PHO,SG,63,8.3,1.5,2.4,11.5,0.7217391304347827,1.0608695652173914,10.2
Reggie Jackson,DEN/LAC,PG,68,10.2,3.4,2.1,11.457217,0.8902685530002616,1.3703153217749127,10.0
Dillon Brooks,MEM,SF,73,14.3,2.6,3.3,11.4,1.2543859649122808,1.7719298245614037,9.4
Richaun Holmes,SAC,C,42,3.1,0.2,1.9,11.21526,0.27640910687759357,0.4636539857301569,12.9
Dwight Powell,DAL,C,76,6.7,0.9,4.1,11.080125,0.6046863189720333,1.0559447659660879,15.5
Paolo Banchero,ORL,PF,72,20.0,3.7,6.9,11.05512,1.8091164998661253,2.7679482447951718,14.9
RJ Barrett,NYK,SG,73,19.6,2.8,5.0,10.900634,1.7980605531751641,2.5136152631122193,12.9
Bobby Portis,MIL,PF,70,14.1,1.5,9.6,10.84335,1.3003361507283266,2.324005035344243,17.8
DeAndre Jordan,DEN,C,39,5.1,0.9,5.2,10.733758,0.4751364806249591,1.0434369770587337,14.7
Anthony Edwards,MIN,SG,79,24.6,4.4,5.8,10.7334,2.291911230365029,3.2422158868578457,17.4
Robert Williams,BOS,C,35,8.0,1.4,8.3,10.714287,0.7466665770666774,1.651999801760024,19.8
Mo Bamba,LAL/ORL,C,49,6.6,0.9,4.6,10.3,0.6407766990291262,1.174757281553398,15.7
Talen Horton-Tucker,UTA,SG,65,10.7,3.8,3.2,10.26,1.0428849902534112,1.7251461988304093,13.7
Ivica Zubac,LAC,C,76,10.8,1.0,9.9,10.123457,1.0668292461754914,2.1435365409266818,16.7
Reggie Bullock,DAL,SF,78,7.2,1.4,3.6,10.0128,0.7190795781399808,1.2184403962927453,7.7
Alec Burks,DET,SG,51,12.8,2.2,3.1,10.0128,1.278363694471077,1.8076861617130073,16.5
De'Andre Hunter,ATL,SF,67,15.4,1.4,4.2,9.835881,1.5656960469529877,2.1350400640268012,11.5
James Wiseman,GSW/DET,C,45,10.0,0.7,5.9,9.60336,1.0413022108928542,1.728561670082138,15.6
Landry Shamet,PHO,SG,40,8.7,2.3,1.7,9.5,0.9157894736842105,1.3368421052631578,10.9
Malik Monk,SAC,SG,77,13.5,3.9,2.6,9.472219,1.4252204261746904,2.1114376684069485,16.6
Jalen Green,HOU,SG,76,22.1,3.7,3.7,9.44184,2.3406454674088955,3.1243910085322355,14.5
Jakob Poeltl,SAS/TOR,C,72,12.5,2.7,9.1,9.398148,1.3300492820500378,2.5856158043052733,21.0
Royce O'Neale,BRK,SF,76,8.8,3.7,5.1,9.2,0.9565217391304349,1.9130434782608698,9.2
Monte Morris,WAS,PG,62,10.3,5.3,3.4,9.125,1.1287671232876713,2.0821917808219177,15.0
Mason Plumlee,LAC/CHO,C,79,10.8,3.1,8.9,9.080417,1.1893726907035216,2.5108979025963234,19.6
Alex Caruso,CHI,PG,67,5.6,2.9,2.9,9.03,0.6201550387596899,1.2624584717607974,11.5
Maxi Kleber,DAL,PF,37,5.9,1.4,3.6,9.0,0.6555555555555556,1.2111111111111112,8.7
Grayson Allen,MIL,SG,72,10.4,2.3,3.3,8.925,1.1652661064425769,1.7927170868347337,12.3
Darius Garland,CLE,PG,69,21.6,7.8,2.7,8.920794,2.421309134590486,3.59833440834975,18.8
Isaiah Hartenstein,NYK,C,82,5.0,1.2,6.5,8.854879,0.5646604544229232,1.434237554234225,14.2
Kyle Anderson,MIN,PF,69,9.4,4.9,5.3,8.780488,1.0705555317654327,2.232222172617285,14.8
Victor Oladipo,MIA,SG,42,10.7,3.5,3.0,8.75,1.2228571428571429,1.9657142857142855,10.6
LaMelo Ball,CHO,PG,36,23.3,8.4,6.4,8.62392,2.701787586155716,4.417944507834025,17.9
Seth Curry,BRK,SG,61,9.2,1.6,1.6,8.496653,1.0827793014496412,1.459398188910386,12.3
Evan Mobley,CLE,PF,79,16.2,2.8,9.0,8.47872,1.9106657608695654,3.3023852657004835,17.9
Gary Payton II,GSW/POR,SG,22,4.6,1.4,3.1,8.3,0.5542168674698794,1.0963855421686746,13.3
Dewayne Dedmon,PHI/MIA,C,38,5.2,0.7,3.5,8.283688,0.6277397217278101,1.1347602662002723,15.5
De'Anthony Melton,PHI,SG,77,10.1,2.6,4.1,8.25,1.2242424242424241,2.036363636363636,12.7
JaMychal Green,GSW,PF,57,6.4,0.9,3.6,8.2,0.7804878048780489,1.329268292682927,15.5
Keegan Murray,SAC,SF,80,12.2,1.2,4.6,8.00844,1.523392820574294,2.247628751666991,12.3
Kevon Looney,GSW,C,82,7.0,2.5,9.3,8.0,0.875,2.35,17.8
Thaddeus Young,TOR,PF,54,4.4,1.4,3.1,8.0,0.55,1.1125,14.1
Delon Wright,WAS,PG,50,7.4,3.9,3.6,7.804878,0.9481250059257813,1.9090625119316407,16.3
Patrick Williams,CHI,PF,82,10.2,1.2,4.0,7.7754,1.3118296164827532,1.9806054993955293,11.2
Scottie Barnes,TOR,SF,77,15.3,4.8,6.6,7.6446,2.0014127619496116,3.4926614865395185,15.5
Cedi Osman,CLE,SF,77,8.7,1.5,2.3,7.426088,1.1715455028273296,1.6832550327978877,12.0
Coby White,CHI,SG,74,9.7,2.8,2.9,7.413955,1.3083435224519167,2.077163942861806,12.5
Zach Collins,SAS,C,63,11.6,2.9,6.4,7.35,1.5782312925170068,2.8435374149659864,16.4
Jaden Ivey,DET,SG,74,16.3,5.2,3.9,7.2522,2.2475938335953227,3.50238548302584,12.1
Taurean Prince,MIN,PF,54,9.1,1.6,2.4,7.1,1.2816901408450705,1.8450704225352113,10.0
Jae'Sean Tate,HOU,SF,31,9.1,2.7,3.8,7.065217,1.2880000713353885,2.208000122289238,12.2
Isaac Okoro,CLE,SF,76,6.4,1.1,2.5,7.04088,0.908977286930043,1.420277010828192,10.7
Jalen Suggs,ORL,SG,53,9.9,2.9,3.0,6.92232,1.4301563637624382,2.2824717724693455,12.5
Jaxson Hayes,NOP,C,47,5.0,0.7,2.8,6.803012,0.7349685698040809,1.2494465686669376,13.7
Khem Birch,TOR,C,20,2.2,0.4,1.3,6.6675,0.3299587551556056,0.5849268841394826,9.4
Bennedict Mathurin,IND,SG,78,16.7,1.5,4.1,6.5868,2.5353737778587475,3.385558996781441,13.1
Bruce Brown,DEN,SF,80,11.5,3.4,4.1,6.479,1.7749652724185832,2.932551319648094,13.3
Caleb Martin,MIA,SF,71,9.6,1.6,4.8,6.479,1.4817101404537736,2.4695169007562896,11.4
Joe Ingles,MIL,SF,46,6.9,3.3,2.8,6.479,1.0649791634511498,2.0064824818644853,10.7
Onyeka Okongwu,ATL,C,80,9.9,1.0,7.2,6.39516,1.5480457095678608,2.8302653881998263,19.4
Josh Giddey,OKC,PF,76,16.6,6.2,7.9,6.2874,2.6402010369946245,4.882781435887649,17.1
Rui Hachimura,LAL/WAS,PF,63,11.2,0.9,4.5,6.263188,1.7882266986078015,2.6504074282937062,13.2
Rudy Gay,UTA,PF,56,5.2,1.0,2.9,6.1845,0.8408117066860701,1.4714204867006224,9.0
Jevon Carter,MIL,PG,81,8.0,2.4,2.5,6.025,1.3278008298755186,2.141078838174274,10.9
Shaedon Sharpe,POR,SG,80,9.9,1.2,3.0,6.01296,1.6464436816476413,2.3449349405284585,11.5
Cameron Payne,PHO,PG,48,10.3,4.5,2.2,6.0,1.7166666666666668,2.8333333333333335,13.2
Justin Holiday,DAL/ATL,SF,46,4.5,0.9,1.2,5.987975,0.7515061435627237,1.1022090105586615,6.6
Cam Reddish,NYK/POR,SF,40,9.7,1.4,2.2,5.954454,1.6290326535396862,2.2336220919667866,10.6
Cameron Johnson,BRK/PHO,PF,42,15.5,1.9,4.4,5.887899,2.6325179830700223,3.702509163285579,17.1
Ricky Rubio,CLE,PG,33,5.2,3.5,2.1,5.853659,0.88833326300695,1.8449998539375112,10.4
Killian Hayes,DET,PG,76,10.3,6.2,2.9,5.83776,1.7643753768568766,3.323192457380913,10.2
Jonathan Kuminga,GSW,PF,67,9.9,1.9,3.4,5.73984,1.7247867536377322,2.648157439928639,13.3
Pat Connaughton,MIL,SF,61,7.6,1.3,4.6,5.728393,1.3267246154375232,2.3566818826850744,10.0
Tyler Herro,MIA,SG,67,20.1,4.2,5.4,5.722116,3.51268656559916,5.190387611855475,15.3
Romeo Langford,SAS,SG,43,6.9,1.2,2.7,5.634257,1.2246512716761058,1.9168454687104264,10.4
Dyson Daniels,NOP,PG,59,3.8,2.3,3.2,5.5086,0.6898304469375158,1.6882692517154994,8.8
JaVale McGee,DAL,C,42,4.4,0.3,2.5,5.461219,0.8056809294774666,1.3183869755085815,17.2
Goga Bitadze,ORL/IND,C,38,4.4,1.0,3.6,5.37752,0.8182210386944169,1.6736339427840343,17.1
Obi Toppin,NYK,PF,67,7.4,1.0,2.8,5.34828,1.3836223982289635,2.094131197319512,13.6
Franz Wagner,ORL,SF,80,18.6,3.5,4.1,5.25828,3.5372783495743856,4.982617890260694,15.9
Kendrick Nunn,LAL/WAS,SG,70,7.1,1.3,1.6,5.25,1.3523809523809522,1.9047619047619047,11.1
Hamidou Diallo,DET,SF,56,9.3,1.0,3.5,5.2,1.7884615384615385,2.6538461538461537,15.7
Cory Joseph,DET,PG,62,6.9,3.5,1.7,5.1555,1.3383764911259821,2.3470080496557073,12.1
Garrett Temple,NOP,SG,25,2.0,0.5,0.7,5.1555,0.3879352148191252,0.6206963437106003,10.5
Torrey Craig,PHO,PF,79,7.4,1.5,5.4,5.121951,1.444761966680275,2.7919048815578282,11.6
Jeremy Sochan,SAS,PF,56,11.0,2.5,5.3,5.06352,2.172401807438304,3.712832179985465,11.4
Nickeil Alexander-Walker,MIN/UTA,SG,59,6.2,1.8,1.7,5.009633,1.2376156097662245,1.936269583021351,11.6
Furkan Korkmaz,PHI,SG,37,3.8,0.6,1.1,5.0,0.76,1.1,9.3
Deni Avdija,WAS,SF,76,9.2,2.8,6.4,4.91616,1.8713792878994988,3.7427585757989976,11.2
Davion Mitchell,SAC,PG,80,5.6,2.3,1.3,4.8336,1.1585567692816947,1.9033432638199272,9.4
Johnny Davis,WAS,SG,28,5.8,1.0,2.3,4.81032,1.2057409902043938,1.8917660363551696,7.2
Ty Jerome,GSW,SG,45,6.9,3.0,1.7,4.728948,1.4590983026246007,2.452976856586285,12.8
Jalen Smith,IND,C,68,9.4,1.0,5.8,4.67016,2.012779005430221,3.4688319029754866,15.9
Ziaire Williams,MEM,SF,37,5.7,0.9,2.1,4.59168,1.2413757056240853,1.8947313401630776,7.4
Ousmane Dieng,OKC,PF,39,4.9,1.2,2.7,4.56984,1.0722476060431,1.9256691700365878,9.3
Jeff Green,DEN,PF,56,7.8,1.2,2.6,4.5,1.7333333333333334,2.5777777777777775,11.0
Donte DiVincenzo,GSW,SG,72,9.4,3.5,4.5,4.5,2.088888888888889,3.8666666666666663,12.8
Devin Vassell,SAS,SG,38,18.5,3.6,3.9,4.437,4.169483885508226,5.859815190443993,15.5
Matisse Thybulle,PHI/POR,SF-SG,71,4.1,0.7,2.0,4.379526,0.936174371381743,1.5526794452185007,10.5
Jarred Vanderbilt,LAL/UTA,PF,78,7.9,2.4,7.5,4.374,1.8061271147690903,4.069501600365799,15.1
James Bouknight,CHO,SG,34,5.6,1.2,2.1,4.36224,1.283744131455399,2.040236208920188,6.2
Brandon Clarke,MEM,PF,56,10.0,1.3,5.5,4.343919,2.302068708003073,3.8674754294451628,20.0
Jalen Williams,OKC,SG,75,14.1,3.3,4.5,4.34148,3.2477404018905998,5.044362751872633,15.6
Grant Williams,BOS,PF,79,8.1,1.7,4.6,4.306281,1.8809733967662583,3.3439527053622364,10.3
Darius Bazley,OKC/PHO,C,43,5.2,0.9,3.2,4.264628,1.219332612363845,2.1807294798045693,13.1
Tyrese Haliburton,IND,PG,56,20.7,10.4,3.7,4.21512,4.910892216591699,8.255992711951263,23.6
Nassir Little,POR,SF,54,6.6,0.9,2.6,4.171548,1.5821464837513557,2.421163558467984,10.2
Jalen Duren,DET,C,67,9.1,1.1,8.9,4.12428,2.2064457311336767,4.631111369742113,17.3
Gorgui Dieng,SAS,C,31,3.9,1.7,3.5,4.105236,0.9500062846569601,2.21668133086624,9.9
Justise Winslow,POR,PF,29,6.8,3.4,5.0,4.097561,1.6595237996456917,3.709523787443311,9.3
Stanley Johnson,SAS,SF,30,5.8,2.2,3.2,4.022164,1.4420098235676118,2.784570693785733,13.5
George Hill,MIL/IND,PG-SG,46,5.0,2.4,1.8,4.0,1.25,2.3000000000000003,10.6
Terence Davis,SAC,SG,64,6.7,1.0,2.2,4.0,1.675,2.475,12.9
Chris Duarte,IND,SF,46,7.9,1.4,2.5,3.93696,2.006624400552711,2.9972364463951884,8.6
Alex Len,SAC,C,26,1.7,0.5,2.3,3.9186,0.4338284081049354,1.148369315571888,12.8
Ochai Agbaji,UTA,SG,59,7.9,1.1,2.1,3.91836,2.0161496136138592,2.832817811533397,9.5
Jordan Poole,GSW,PG,82,20.4,4.5,2.7,3.901399,5.228893532807077,7.074385367915458,14.6
Keldon Johnson,SAS,SF,63,22.0,2.9,5.0,3.873024,5.680315949500958,7.720065767730848,15.3
Aaron Nesmith,IND,SF,73,10.1,1.3,3.8,3.80436,2.6548486473414714,3.995415786098056,10.5
Moses Moody,GSW,SG,63,4.8,0.8,1.7,3.74016,1.2833675564681724,1.9517881587953456,10.3
Mark Williams,CHO,C,43,9.0,0.4,7.1,3.72204,2.4180288229035694,4.433052841989877,19.8
Cole Anthony,ORL,PG,60,13.0,3.9,4.8,3.61368,3.59744083593456,6.004958933829227,16.0
Corey Kispert,WAS,SF,74,11.1,1.2,2.8,3.55284,3.124261154456716,4.250121029936613,11.5
AJ Griffin,ATL,SF,72,8.9,1.0,2.1,3.53616,2.5168544409755214,3.3935116058096915,12.6
Mike Muscala,BOS/OKC,C,63,6.1,0.8,3.2,3.5,1.7428571428571427,2.8857142857142857,13.0
Georges Niang,PHI,PF,78,8.2,1.0,2.4,3.465,2.3665223665223665,3.347763347763348,10.9
Isaiah Stewart,DET,C,50,11.3,1.4,8.1,3.43332,3.2912749175724954,6.058275954469726,13.1
Chuma Okeke,ORL,SF,27,4.7,1.4,3.6,3.43332,1.3689373550965247,2.825253690305593,9.1
Amir Coffey,LAC,SF,50,3.4,1.1,1.1,3.395062,1.0014544653381883,1.6494544134981923,7.0
Tari Eason,HOU,PF,82,9.3,1.1,6.0,3.35916,2.7685492801771874,4.882172924183426,15.2
Aleksej Pokusevski,OKC,PF,34,8.1,1.9,4.7,3.26148,2.483535082232606,4.507156260348062,13.4
Simone Fontecchio,UTA,SF,52,6.3,0.8,1.7,3.205128,1.965600125798408,2.7456001757184105,8.0
Andre Drummond,CHI,C,67,6.0,0.5,6.6,3.2,1.875,4.09375,20.8
Dalen Terry,CHI,SG,38,2.2,0.6,1.0,3.1914,0.6893526352071192,1.1907000062668422,14.1
Josh Green,DAL,SG,60,9.1,1.7,3.0,3.0984,2.9369997418022207,4.453911696359412,11.2
Jake LaRavia,MEM,PF,35,3.0,0.6,1.8,3.04764,0.9843682324684018,1.7718628184431233,6.7
Tre Mann,OKC,PG,67,7.7,1.8,2.3,3.0462,2.5277394786947673,3.8736786816361373,10.0
Kevin Knox,DET/POR,SF-PF,63,6.6,0.5,2.8,3.0,2.1999999999999997,3.2999999999999994,11.1
Saddiq Bey,DET/ATL,SF,77,13.8,1.5,4.7,2.95908,4.663611663084472,6.758857482731119,14.6
Malaki Branham,SAS,SG,66,10.2,1.9,2.7,2.9256,3.4864643150123045,5.058791359037462,9.5
Kai Jones,CHO,C,46,3.4,0.3,2.7,2.90904,1.168770453482936,2.2000385006737617,10.8
Blake Griffin,BOS,C,41,4.1,1.5,3.8,2.905851,1.4109463974580938,3.2348527161234344,13.1
Robin Lopez,CLE,C,37,3.0,0.5,1.4,2.905851,1.0323998030181176,1.6862530115962588,11.6
Markieff Morris,BRK/DAL,PF,35,3.8,0.9,2.0,2.905851,1.3077064171562822,2.3056928934071292,10.4
Wesley Matthews,MIL,SF,52,3.4,0.7,2.2,2.905851,1.1700531100871998,2.168039586338047,7.0
Austin Rivers,MIN,SG,52,4.9,1.4,1.6,2.905851,1.6862530115962588,2.7186528146143765,7.4
Bismack Biyombo,PHO,C,61,4.3,0.9,4.3,2.905851,1.479773050992635,3.2692660428907057,14.4
Taj Gibson,WAS,C,49,3.4,0.7,1.9,2.905851,1.1700531100871998,2.0647996060362352,11.4
Precious Achiuwa,TOR,C,55,9.2,0.9,6.0,2.84016,3.2392541265280825,5.668694721424146,15.2
Christian Braun,DEN,SG,76,4.7,0.8,2.4,2.8086,1.673431602933846,2.8127892900377414,10.3
Jordan Nwora,MIL/IND,SF,62,8.7,1.4,3.7,2.8,3.107142857142857,4.928571428571429,12.2
Jalen Johnson,ATL,SF,70,5.6,1.2,4.0,2.79264,2.0052709980520222,3.8673083533860435,14.1
Tyrese Maxey,PHI,SG,60,20.3,3.5,2.9,2.72688,7.444405327700522,9.791409963034678,17.0
Bruno Fernando,HOU/ATL,C,39,3.9,0.8,3.5,2.717391,1.4352001607424179,3.0176003379712375,16.6
Walker Kessler,UTA,C,74,9.2,0.9,8.4,2.6964,3.41195668298472,6.860999851654057,21.5
Keon Johnson,POR,SG,40,4.7,1.5,1.1,2.68104,1.7530510548145497,2.7228239787545134,9.0
Charles Bassey,SAS,C,35,5.7,1.3,5.5,2.674742,2.1310466579580387,4.673347934118505,18.8
Matthew Dellavedova,SAC,PG,32,1.5,1.3,0.4,2.628597,0.5706466225138354,1.2173794613628486,6.7
Trey Lyles,SAC,PF,74,7.6,0.9,4.1,2.625,2.895238095238095,4.8,14.2
Zeke Nnaji,DEN,PF,53,5.2,0.3,2.6,2.6178,1.986400794560318,3.0942012376804953,12.5
David Roddy,MEM,PF,70,6.7,0.8,2.8,2.58864,2.588231658322517,3.9789232956301386,8.8
Isaiah Jackson,IND,C,63,7.2,0.8,4.5,2.57376,2.7974636329727716,4.856707696133284,17.5
MarJon Beauchamp,MIL,SF,52,5.1,0.7,2.2,2.4852,2.0521487204249156,3.2190568163528086,8.2
Usman Garuba,HOU,C,75,3.0,0.9,4.1,2.47116,1.214004758898655,3.2373460237297467,12.9
Raul Neto,CLE,PG,48,3.3,1.6,1.0,2.46349,1.3395629777267208,2.39497623290535,12.6
Frank Kaminsky,HOU/ATL,C,36,2.5,0.9,1.4,2.46349,1.0148204376717582,1.948455240329776,15.3
Montrezl Harrell,PHI,C,57,5.6,0.6,2.8,2.46349,2.2731977803847383,3.65335357561833,17.6
Blake Wesley,SAS,SG,37,5.0,2.7,2.2,2.38548,2.0960142193604643,4.1501081543337195,3.5
Josh Christopher,HOU,SG,64,5.8,1.1,1.1,2.37216,2.4450290031026576,3.372453797382976,11.5
Isaiah Roby,SAS,PF,42,4.1,0.9,2.5,2.330681,1.7591424995527059,3.2179435967427548,9.3
Lindy Waters III,OKC,SG,41,5.2,0.7,1.8,2.316876,2.2444015130719124,3.323440702048793,11.8
Immanuel Quickley,NYK,SG,81,14.9,3.4,4.2,2.31624,6.432839429420095,9.714019272614237,16.3
John Konchar,MEM,SF,72,5.1,1.4,4.3,2.3,2.217391304347826,4.695652173913044,10.8
Rodney McGruder,DET,SG,32,5.7,0.9,2.3,2.298385,2.4800022624582043,3.8722842343645647,10.7
Bryn Forbes,MIN,SG,25,3.6,0.7,0.6,2.298385,1.5663172183946554,2.131931769481614,6.2
Damian Jones,LAL/UTA,C,41,3.5,0.4,3.0,2.298385,1.5228084067725816,3.0021080019230895,12.9
Quentin Grimes,NYK,SG,71,11.3,2.1,3.2,2.277,4.962670180061484,7.290294246815986,11.7
Saben Lee,PHI/PHO,PG,25,6.0,2.7,1.8,2.26664,2.647089965764303,4.63240744008753,13.1
Andrew Nembhard,IND,SG,75,9.5,4.5,2.7,2.244111,4.233302185141466,7.441699630722365,10.0
Payton Pritchard,BOS,PG,48,5.6,1.3,1.8,2.2392,2.500893176134334,3.885316184351554,10.3
Bones Hyland,DEN/LAC,PG,56,11.8,3.1,2.4,2.20152,5.359933137105274,7.858207056942477,14.9
Bol Bol,ORL,PF,70,9.1,1.0,5.8,2.2,4.136363636363636,7.227272727272726,14.4
Peyton Watson,DEN,SG,23,3.3,0.5,1.6,2.19396,1.50412951922551,2.4613028496417435,12.8
Udoka Azubuike,UTA,C,36,3.5,0.3,3.3,2.17488,1.6092841903921136,3.2645479290811448,16.1
Jaden McDaniels,MIN,SF,79,12.1,1.9,3.9,2.16144,5.59811977200385,8.281516026352802,12.0
Jordan McLaughlin,MIN,PG,43,3.7,3.4,1.4,2.16,1.712962962962963,3.935185185185185,11.8
Malachi Flynn,TOR,PG,53,4.6,1.3,1.4,2.14572,2.14380254646459,3.402121432432936,8.7
Cam Thomas,BRK,SG,57,10.6,1.4,1.7,2.13816,4.957533580274628,6.407378306581359,14.7
Luke Kornet,BOS,C,69,3.8,0.8,2.9,2.133278,1.781296202370249,3.5157161888886495,16.7
Damion Lee,PHO,SG,74,8.2,1.3,3.0,2.133278,3.84384969985159,5.859526981481083,10.7
Juan Toscano-Anderson,LAL/UTA,SF,52,3.0,1.3,2.4,2.133278,1.4062864755554598,3.14070646207386,7.2
Desmond Bane,MEM,SG,58,21.5,4.4,5.0,2.13024,10.09275950127685,14.505407841369985,19.1
Day'Ron Sharpe,BRK,C,48,4.7,0.8,4.2,2.10948,2.228037241405465,4.598289625879363,17.8
Frank Ntilikina,DAL,SG,47,2.9,1.2,1.3,2.036318,1.4241390588306932,2.6518451440295667,5.2
Garrison Mathews,HOU/ATL,SG,54,4.8,0.5,1.4,2.0,2.4,3.3499999999999996,9.7
Jaylin Williams,OKC,C,49,5.9,1.6,4.9,2.0,2.95,6.2,11.2
Jeremiah Robinson-Earl,OKC,PF,43,6.8,1.0,4.2,2.0,3.4,6.0,13.0
Kenrich Williams,OKC,PF,53,8.0,2.0,4.9,2.0,4.0,7.45,14.4
Caleb Houstan,ORL,SF,51,3.8,0.6,1.9,2.0,1.9,3.1499999999999995,6.2
Shake Milton,PHI,SG,76,8.4,3.2,2.5,1.997718,4.204797674146201,7.0580532387454085,12.7
Aaron Holiday,ATL,PG,63,3.9,1.4,1.2,1.968175,1.981531113849124,3.302551856415207,9.4
Yuta Watanabe,BRK,SF,58,5.6,0.8,2.4,1.968175,2.8452754455269473,4.471147128685203,12.1
Edmond Sumner,BRK,SG,53,7.1,1.3,1.5,1.968175,3.6074027970073796,5.0300405197708535,14.0
Theo Pinson,DAL,SG,40,2.4,1.2,1.6,1.968175,1.2194037623686917,2.6420414851321654,10.1
Thomas Bryant,DEN/LAL,C,59,9.8,0.5,5.7,1.968175,4.979232029672159,8.129358415791279,19.7
Josh Okogie,PHO,SG,72,7.3,1.5,3.5,1.968175,3.709019777204771,6.249444282139546,13.3
Drew Eubanks,POR,C,78,6.6,1.3,5.4,1.968175,3.3533603465139024,6.7575291831265005,16.2
Dean Wade,CLE,PF,44,4.7,0.8,3.4,1.930681,2.434374192318669,4.609772406731096,8.5
Terance Mann,LAC,SG,81,8.8,2.3,3.4,1.930681,4.557977211149848,7.510303359281,13.4
Jaylen Nowell,MIN,SG,65,10.8,2.0,2.6,1.930681,5.593881122774814,7.976460119512234,13.7
Naz Reid,MIN,C,68,11.5,1.1,4.9,1.930681,5.9564474918435515,9.064159226718447,18.5
Jalen McDaniels,PHI/CHO,SF,80,9.4,1.6,4.3,1.930681,4.868748384637338,7.924664923930986,11.8
Daniel Gafford,WAS,C,78,9.0,1.1,5.6,1.930681,4.661567602312345,8.131845706255978,19.7
Chimezie Metu,SAC,PF,66,4.9,0.6,3.0,1.91086,2.564290424206902,4.448258899134421,17.3
Davon Reed,DEN/LAL,SG,43,2.1,0.5,1.4,1.902133,1.104023745973599,2.1029023732830456,6.2
KZ Okpala,SAC,PF,35,1.3,0.4,1.0,1.902133,0.6834432713169899,1.419459101966056,6.2
Wenyen Gabriel,LAL,C,68,5.5,0.5,4.2,1.87872,2.9275251234883326,5.429228410832907,14.4
Thanasis Antetokounmpo,MIL,PF,37,1.4,0.4,1.2,1.87872,0.7451882132515755,1.5968318855390904,6.7
Moritz Wagner,ORL,C,57,10.5,1.5,4.5,1.87872,5.588911599386817,8.782575370464997,17.4
Keita Bates-Diop,SAS,PF,67,9.7,1.5,3.7,1.87872,5.163089763243059,7.930931698177482,14.9
Oshae Brissett,IND,PF,65,6.1,0.7,3.4,1.846738,3.303121503970785,5.523252350901968,10.6
Nathan Knight,MIN,C,38,3.7,0.3,1.5,1.83609,2.015151762713157,2.9954958634925304,14.5
Justin Jackson,BOS,SF,23,0.9,0.4,0.7,1.83609,0.4901720503896868,1.089271223088193,6.3
Isaiah Joe,OKC,SG,73,9.5,1.2,2.4,1.83609,5.174038309668916,7.1347265112276625,14.5
Ryan Arcidiacono,NYK/POR,PG,20,1.3,1.2,0.8,1.83609,0.7080262950073254,1.7972975180955182,2.7
Anthony Gill,WAS,PF,59,3.3,0.6,1.7,1.83609,1.7972975180955182,3.0499594246469397,11.1
Javonte Green,CHI,SF,32,5.2,0.7,2.8,1.815677,2.8639455145381034,4.791601149323365,14.5
Gabe Vincent,MIA,PG,68,9.4,2.5,2.1,1.815677,5.177132276280418,7.710622539141048,9.0
Max Strus,MIA,SF,80,11.5,2.1,3.2,1.815677,6.333725657151575,9.252747046969258,10.8
Nick Richards,CHO,C,65,8.2,0.6,6.4,1.782621,4.599968248999646,8.526770412779832,18.3
Lamar Stevens,CLE,SF,62,5.3,0.5,3.3,1.782621,2.973150209719284,5.104842812914242,9.5
Naji Marshall,NOP,SF,77,9.1,2.5,3.6,1.782621,5.104842812914242,8.526770412779832,11.4
Paul Reed,PHI,C,69,4.2,0.4,3.8,1.782621,2.356081298268112,4.712162596536224,19.2
Tre Jones,SAS,PG,68,12.9,6.6,3.6,1.782621,7.236535416109201,12.958447140474616,16.0
Haywood Highsmith,MIA,PF,54,4.4,0.8,3.5,1.752638,2.5105013128780733,4.963945777736189,8.5
Terry Taylor,CHI/IND,PF,31,2.9,0.3,1.5,1.703902,1.7019758178580693,2.7583746013561807,11.0
Jericho Sims,NYK,C,52,3.4,0.5,4.7,1.639842,2.0733704832538744,5.24440769293627,13.8
Sam Hauser,BOS,SF,80,6.4,0.9,2.6,1.637966,3.90728501079998,6.044081501081219,12.7
Kessler Edwards,BRK/SAC,SF,36,2.8,0.6,1.7,1.637966,1.7094371922249911,3.113617742981234,8.4
Vit Krejci,ATL,PG,29,1.2,0.6,0.9,1.563518,0.7674999584270856,1.7268749064609423,7.7
JT Thor,CHO,PF,69,3.8,0.5,2.2,1.563518,2.4304165350191043,4.157291441480047,7.0
Ayo Dosunmu,CHI,SG,80,8.6,2.6,2.8,1.563518,5.500416368727446,8.954166181649333,10.2
Isaiah Livers,DET,PF,52,6.7,0.8,2.8,1.563518,4.285208101217894,6.587707976499152,8.4
Daishen Nix,HOU,PG,57,4.0,2.3,1.7,1.563518,2.558333194756952,5.116666389513904,5.3
Austin Reaves,LAL,SG,64,13.0,3.4,3.0,1.563518,8.314582882960094,12.407915994571216,14.9
Jose Alvarado,NOP,PG,61,9.0,3.0,2.3,1.563518,5.756249688203142,9.146041171256105,11.8
Miles McBride,NYK,PG,64,3.5,1.1,0.8,1.563518,2.238541545412333,3.4537498129218847,8.4
Aaron Wiggins,OKC,SG,70,6.8,1.1,3.0,1.563518,4.349166431086818,6.971457955712695,12.2
Jock Landale,PHO,C,69,6.6,1.0,4.1,1.563518,4.221249771348971,7.483124594664084,16.4
Trendon Watford,POR,PF,62,7.4,2.1,3.8,1.563518,4.732916410300361,8.506457872566866,13.6
Dalano Banton,TOR,PG,31,4.6,1.2,1.5,1.563518,2.9420831739704947,4.6689580804314375,14.9
Christian Koloko,TOR,C,58,3.1,0.5,2.9,1.5,2.066666666666667,4.333333333333333,11.4
Bryce McGowens,CHO,SG,46,5.3,1.2,2.0,1.461055,3.6275157334939476,5.8177139122072745,7.2
Jordan Goodwin,WAS,PG,62,6.6,2.7,3.3,1.280206,5.155420299545542,9.842166026405128,14.8
Kennedy Chandler,MEM,PG,36,2.2,1.6,1.1,1.2,1.8333333333333335,4.083333333333334,10.6
Noah Vonleh,BOS,C,23,1.1,0.3,2.1,1.160955,0.9474958116378328,3.0147594006658314,5.9
Sandro Mamukelashvili,SAS/MIL,C,43,6.1,1.4,4.3,1.116112,5.465401321731152,10.572415671545508,13.4
Jaden Hardy,DAL,SG,48,8.8,1.4,1.9,1.017781,8.646260836073772,11.888608649601437,14.6
Max Christie,LAL,SG,41,3.1,0.5,1.8,1.017781,3.045841885435079,5.305660058499815,7.4
Jabari Walker,POR,SF,56,3.9,0.6,2.3,1.017781,3.8318655978054217,6.681201555147914,9.6
Eugene Omoruyi,DET/OKC,SF,40,7.0,0.7,2.8,1.013119,6.9093561565818025,10.364034234872705,10.9
Kris Dunn,UTA,PG,22,13.2,5.6,4.5,1.000001,13.1999868000132,23.2999767000233,19.1
Admiral Schofield,ORL,PF,37,4.2,0.8,1.7,0.87794,4.783926008611067,7.631501013736702,10.1
Moses Brown,BRK/LAC,C,36,4.3,0.1,3.9,0.824041,5.218186959144023,10.072314362998927,22.2
Matt Ryan,LAL/MIN,SF,34,3.6,0.5,0.8,0.806097,4.4659637735905235,6.078672914053768,8.1
Anthony Lamb,GSW,SF,62,6.7,1.5,3.5,0.694878,9.641980318847338,16.83748801947968,10.9
Trent Forrest,ATL,SG,23,2.3,1.7,1.6,0.508891,4.51963190545716,11.004321161113086,6.1
Mamadi Diakite,CLE,C,22,2.6,0.4,1.4,0.508891,5.109149110516791,8.64625234087457,9.0
Luka Garza,MIN,C,28,6.5,0.6,2.3,0.508891,12.772872776291976,18.471539091868394,23.0
Kevon Harris,ORL,SG,34,4.1,0.5,2.1,0.508891,8.056735135814938,13.165884246331728,9.2
Dominick Barlow,SAS,PF,28,3.9,0.9,3.6,0.508891,7.663723665775186,16.50648174166963,12.4
Jeff Dowtin,TOR,PG,25,2.4,1.2,0.9,0.508891,4.716137640477037,8.842758075894444,9.9
Orlando Robinson,MIA,C,31,3.7,0.8,4.1,0.386055,9.584126614083486,22.276618616518373,13.4
